# CAL-GT-04 temperature (TEMP EXT) from the TGT cased-hole log CAL-GT-04_CL_RDR.las (NLOG), logged 31 Jan 2016,
# resampled to 1 m measured depth.
md_m,temp_c
5,8.56
6,8.52
7,8.55
8,8.62
9,8.67
10,8.72
11,8.83
12,8.85
13,8.86
14,8.89
15,8.91
16,8.94
17,8.95
18,8.95
19,8.95
20,8.94
21,8.94
22,8.92
23,8.91
24,8.91
25,8.91
26,8.90
27,8.90
28,8.90
29,8.90
30,8.90
31,8.91
32,8.91
33,8.91
34,8.92
35,8.92
36,8.92
37,8.92
38,8.92
39,8.91
40,8.92
41,8.92
42,8.92
43,8.91
44,8.92
45,8.93
46,8.93
47,8.93
48,8.94
49,8.93
50,8.95
51,8.97
52,8.99
53,9.02
54,9.04
55,9.07
56,9.09
57,9.11
58,9.12
59,9.11
60,9.11
61,9.10
62,9.10
63,9.10
64,9.10
65,9.10
66,9.12
67,9.12
68,9.13
69,9.13
70,9.14
71,9.14
72,9.15
73,9.16
74,9.16
75,9.17
76,9.18
77,9.18
78,9.19
79,9.20
80,9.21
81,9.22
82,9.23
83,9.23
84,9.25
85,9.25
86,9.26
87,9.27
88,9.27
89,9.30
90,9.31
91,9.31
92,9.32
93,9.33
94,9.34
95,9.35
96,9.37
97,9.38
98,9.39
99,9.39
100,9.40
101,9.41
102,9.42
103,9.44
104,9.45
105,9.47
106,9.49
107,9.50
108,9.52
109,9.53
110,9.54
111,9.55
112,9.57
113,9.59
114,9.60
115,9.62
116,9.63
117,9.64
118,9.65
119,9.67
120,9.68
121,9.70
122,9.72
123,9.73
124,9.74
125,9.75
126,9.77
127,9.77
128,9.78
129,9.80
130,9.82
131,9.83
132,9.85
133,9.86
134,9.86
135,9.88
136,9.89
137,9.90
138,9.90
139,9.91
140,9.93
141,9.94
142,9.96
143,9.96
144,9.97
145,9.98
146,9.99
147,10.00
148,10.02
149,10.04
150,10.04
151,10.05
152,10.07
153,10.08
154,10.09
155,10.11
156,10.11
157,10.13
158,10.14
159,10.15
160,10.16
161,10.18
162,10.19
163,10.20
164,10.21
165,10.22
166,10.22
167,10.23
168,10.25
169,10.26
170,10.26
171,10.27
172,10.28
173,10.30
174,10.31
175,10.32
176,10.33
177,10.35
178,10.36
179,10.37
180,10.38
181,10.39
182,10.41
183,10.42
184,10.43
185,10.44
186,10.46
187,10.46
188,10.47
189,10.49
190,10.49
191,10.51
192,10.53
193,10.54
194,10.56
195,10.58
196,10.59
197,10.61
198,10.62
199,10.63
200,10.65
201,10.67
202,10.68
203,10.69
204,10.70
205,10.71
206,10.73
207,10.75
208,10.77
209,10.79
210,10.80
211,10.82
212,10.84
213,10.85
214,10.87
215,10.89
216,10.90
217,10.92
218,10.93
219,10.95
220,10.96
221,10.97
222,10.98
223,10.99
224,11.00
225,11.01
226,11.02
227,11.02
228,11.03
229,11.04
230,11.05
231,11.07
232,11.08
233,11.10
234,11.12
235,11.14
236,11.15
237,11.16
238,11.17
239,11.19
240,11.21
241,11.22
242,11.23
243,11.24
244,11.25
245,11.26
246,11.26
247,11.27
248,11.28
249,11.29
250,11.30
251,11.32
252,11.33
253,11.34
254,11.36
255,11.38
256,11.39
257,11.41
258,11.43
259,11.44
260,11.46
261,11.47
262,11.49
263,11.50
264,11.51
265,11.51
266,11.52
267,11.52
268,11.53
269,11.52
270,11.53
271,11.53
272,11.54
273,11.55
274,11.56
275,11.56
276,11.57
277,11.58
278,11.59
279,11.59
280,11.60
281,11.61
282,11.61
283,11.62
284,11.62
285,11.64
286,11.64
287,11.65
288,11.66
289,11.67
290,11.68
291,11.69
292,11.70
293,11.71
294,11.71
295,11.72
296,11.73
297,11.73
298,11.74
299,11.74
300,11.75
301,11.77
302,11.78
303,11.80
304,11.81
305,11.83
306,11.84
307,11.85
308,11.86
309,11.87
310,11.89
311,11.90
312,11.91
313,11.92
314,11.94
315,11.95
316,11.96
317,11.97
318,11.98
319,11.99
320,12.01
321,12.02
322,12.04
323,12.05
324,12.06
325,12.07
326,12.07
327,12.09
328,12.09
329,12.10
330,12.10
331,12.11
332,12.12
333,12.13
334,12.14
335,12.15
336,12.15
337,12.16
338,12.17
339,12.18
340,12.19
341,12.19
342,12.20
343,12.21
344,12.21
345,12.21
346,12.22
347,12.23
348,12.23
349,12.24
350,12.25
351,12.25
352,12.26
353,12.26
354,12.27
355,12.27
356,12.28
357,12.28
358,12.29
359,12.30
360,12.30
361,12.31
362,12.32
363,12.32
364,12.34
365,12.34
366,12.35
367,12.36
368,12.37
369,12.37
370,12.38
371,12.40
372,12.42
373,12.43
374,12.44
375,12.45
376,12.47
377,12.49
378,12.50
379,12.52
380,12.53
381,12.53
382,12.54
383,12.56
384,12.57
385,12.58
386,12.60
387,12.61
388,12.62
389,12.63
390,12.63
391,12.64
392,12.66
393,12.67
394,12.68
395,12.69
396,12.70
397,12.71
398,12.73
399,12.74
400,12.75
401,12.76
402,12.77
403,12.78
404,12.80
405,12.81
406,12.83
407,12.84
408,12.85
409,12.87
410,12.87
411,12.89
412,12.90
413,12.92
414,12.93
415,12.94
416,12.94
417,12.96
418,12.96
419,12.98
420,12.99
421,12.99
422,13.00
423,13.01
424,13.03
425,13.04
426,13.06
427,13.07
428,13.09
429,13.11
430,13.12
431,13.14
432,13.17
433,13.19
434,13.22
435,13.23
436,13.26
437,13.27
438,13.29
439,13.32
440,13.34
441,13.36
442,13.38
443,13.40
444,13.43
445,13.45
446,13.47
447,13.50
448,13.51
449,13.54
450,13.56
451,13.59
452,13.61
453,13.64
454,13.67
455,13.69
456,13.71
457,13.75
458,13.78
459,13.82
460,13.84
461,13.88
462,13.91
463,13.93
464,13.96
465,14.00
466,14.03
467,14.06
468,14.09
469,14.12
470,14.14
471,14.17
472,14.20
473,14.23
474,14.25
475,14.29
476,14.31
477,14.33
478,14.36
479,14.37
480,14.41
481,14.43
482,14.46
483,14.48
484,14.51
485,14.53
486,14.56
487,14.58
488,14.60
489,14.62
490,14.64
491,14.67
492,14.69
493,14.71
494,14.73
495,14.75
496,14.78
497,14.80
498,14.81
499,14.84
500,14.86
501,14.88
502,14.90
503,14.92
504,14.95
505,14.97
506,15.00
507,15.02
508,15.04
509,15.06
510,15.07
511,15.09
512,15.10
513,15.12
514,15.14
515,15.15
516,15.17
517,15.18
518,15.20
519,15.21
520,15.23
521,15.24
522,15.25
523,15.26
524,15.28
525,15.29
526,15.30
527,15.31
528,15.32
529,15.33
530,15.33
531,15.33
532,15.34
533,15.35
534,15.36
535,15.36
536,15.36
537,15.37
538,15.37
539,15.38
540,15.38
541,15.39
542,15.40
543,15.40
544,15.41
545,15.42
546,15.43
547,15.44
548,15.45
549,15.47
550,15.48
551,15.49
552,15.51
553,15.52
554,15.54
555,15.55
556,15.57
557,15.59
558,15.61
559,15.63
560,15.64
561,15.66
562,15.68
563,15.70
564,15.73
565,15.76
566,15.78
567,15.81
568,15.84
569,15.87
570,15.90
571,15.93
572,15.97
573,16.01
574,16.05
575,16.09
576,16.15
577,16.20
578,16.24
579,16.29
580,16.33
581,16.37
582,16.39
583,16.42
584,16.44
585,16.46
586,16.48
587,16.50
588,16.51
589,16.52
590,16.54
591,16.54
592,16.55
593,16.55
594,16.55
595,16.56
596,16.57
597,16.58
598,16.59
599,16.61
600,16.63
601,16.65
602,16.68
603,16.70
604,16.74
605,16.76
606,16.80
607,16.83
608,16.87
609,16.89
610,16.92
611,16.96
612,16.99
613,17.02
614,17.06
615,17.11
616,17.13
617,17.16
618,17.20
619,17.25
620,17.27
621,17.32
622,17.35
623,17.39
624,17.44
625,17.48
626,17.51
627,17.57
628,17.60
629,17.65
630,17.68
631,17.70
632,17.74
633,17.76
634,17.78
635,17.79
636,17.82
637,17.82
638,17.84
639,17.85
640,17.85
641,17.86
642,17.86
643,17.86
644,17.85
645,17.84
646,17.83
647,17.82
648,17.80
649,17.79
650,17.78
651,17.76
652,17.76
653,17.75
654,17.76
655,17.77
656,17.79
657,17.81
658,17.83
659,17.85
660,17.88
661,17.93
662,17.97
663,18.01
664,18.05
665,18.09
666,18.15
667,18.23
668,18.29
669,18.38
670,18.46
671,18.55
672,18.64
673,18.71
674,18.78
675,18.86
676,18.96
677,19.04
678,19.10
679,19.16
680,19.21
681,19.25
682,19.29
683,19.33
684,19.37
685,19.40
686,19.45
687,19.48
688,19.52
689,19.59
690,19.63
691,19.69
692,19.74
693,19.80
694,19.86
695,19.92
696,19.99
697,20.05
698,20.11
699,20.18
700,20.25
701,20.33
702,20.41
703,20.49
704,20.59
705,20.68
706,20.77
707,20.87
708,20.96
709,21.03
710,21.11
711,21.20
712,21.27
713,21.35
714,21.43
715,21.53
716,21.60
717,21.66
718,21.70
719,21.73
720,21.74
721,21.75
722,21.75
723,21.76
724,21.78
725,21.79
726,21.82
727,21.83
728,21.84
729,21.84
730,21.83
731,21.80
732,21.77
733,21.73
734,21.70
735,21.65
736,21.59
737,21.53
738,21.47
739,21.42
740,21.38
741,21.35
742,21.33
743,21.31
744,21.29
745,21.29
746,21.28
747,21.29
748,21.31
749,21.33
750,21.35
751,21.38
752,21.40
753,21.43
754,21.46
755,21.49
756,21.53
757,21.56
758,21.60
759,21.64
760,21.70
761,21.74
762,21.81
763,21.86
764,21.91
765,21.98
766,22.04
767,22.11
768,22.20
769,22.28
770,22.38
771,22.47
772,22.57
773,22.67
774,22.77
775,22.87
776,22.98
777,23.09
778,23.20
779,23.32
780,23.42
781,23.53
782,23.64
783,23.74
784,23.86
785,23.97
786,24.06
787,24.17
788,24.28
789,24.40
790,24.51
791,24.60
792,24.70
793,24.79
794,24.87
795,24.93
796,25.00
797,25.05
798,25.10
799,25.14
800,25.17
801,25.20
802,25.23
803,25.26
804,25.29
805,25.32
806,25.35
807,25.38
808,25.40
809,25.41
810,25.43
811,25.45
812,25.48
813,25.50
814,25.52
815,25.54
816,25.55
817,25.55
818,25.55
819,25.54
820,25.54
821,25.54
822,25.56
823,25.58
824,25.60
825,25.62
826,25.64
827,25.67
828,25.70
829,25.73
830,25.75
831,25.78
832,25.80
833,25.81
834,25.82
835,25.84
836,25.86
837,25.89
838,25.91
839,25.93
840,25.96
841,25.98
842,26.00
843,26.03
844,26.05
845,26.07
846,26.09
847,26.10
848,26.13
849,26.16
850,26.18
851,26.20
852,26.22
853,26.24
854,26.27
855,26.29
856,26.32
857,26.34
858,26.37
859,26.40
860,26.43
861,26.47
862,26.49
863,26.53
864,26.55
865,26.59
866,26.61
867,26.63
868,26.64
869,26.65
870,26.67
871,26.67
872,26.67
873,26.68
874,26.68
875,26.68
876,26.68
877,26.68
878,26.68
879,26.67
880,26.67
881,26.66
882,26.65
883,26.64
884,26.64
885,26.63
886,26.63
887,26.62
888,26.62
889,26.61
890,26.62
891,26.63
892,26.64
893,26.63
894,26.64
895,26.64
896,26.65
897,26.65
898,26.66
899,26.67
900,26.69
901,26.71
902,26.72
903,26.73
904,26.73
905,26.74
906,26.75
907,26.77
908,26.78
909,26.78
910,26.80
911,26.82
912,26.85
913,26.89
914,26.93
915,26.96
916,26.99
917,27.03
918,27.07
919,27.11
920,27.14
921,27.18
922,27.22
923,27.25
924,27.28
925,27.30
926,27.32
927,27.34
928,27.35
929,27.36
930,27.37
931,27.38
932,27.38
933,27.38
934,27.37
935,27.37
936,27.37
937,27.36
938,27.35
939,27.35
940,27.35
941,27.37
942,27.40
943,27.42
944,27.46
945,27.49
946,27.52
947,27.54
948,27.56
949,27.58
950,27.61
951,27.63
952,27.66
953,27.69
954,27.70
955,27.73
956,27.75
957,27.77
958,27.78
959,27.79
960,27.79
961,27.81
962,27.83
963,27.87
964,27.91
965,27.96
966,28.01
967,28.08
968,28.14
969,28.20
970,28.26
971,28.31
972,28.37
973,28.42
974,28.46
975,28.51
976,28.55
977,28.61
978,28.65
979,28.68
980,28.72
981,28.75
982,28.78
983,28.80
984,28.82
985,28.84
986,28.86
987,28.88
988,28.90
989,28.92
990,28.93
991,28.94
992,28.95
993,28.95
994,28.96
995,28.96
996,28.97
997,28.98
998,28.99
999,28.99
1000,28.99
1001,28.98
1002,28.97
1003,28.95
1004,28.93
1005,28.89
1006,28.87
1007,28.84
1008,28.81
1009,28.78
1010,28.74
1011,28.71
1012,28.66
1013,28.61
1014,28.55
1015,28.47
1016,28.39
1017,28.30
1018,28.18
1019,28.07
1020,27.94
1021,27.86
1022,27.82
1023,27.80
1024,27.80
1025,27.80
1026,27.80
1027,27.80
1028,27.79
1029,27.78
1030,27.75
1031,27.72
1032,27.68
1033,27.64
1034,27.61
1035,27.60
1036,27.60
1037,27.62
1038,27.65
1039,27.68
1040,27.71
1041,27.75
1042,27.78
1043,27.82
1044,27.86
1045,27.89
1046,27.93
1047,27.97
1048,28.01
1049,28.04
1050,28.07
1051,28.12
1052,28.15
1053,28.17
1054,28.20
1055,28.22
1056,28.23
1057,28.23
1058,28.20
1059,28.14
1060,28.08
1061,28.03
1062,27.99
1063,27.96
1064,27.91
1065,27.84
1066,27.77
1067,27.73
1068,27.70
1069,27.68
1070,27.68
1071,27.68
1072,27.68
1073,27.66
1074,27.62
1075,27.59
1076,27.57
1077,27.56
1078,27.57
1079,27.58
1080,27.59
1081,27.60
1082,27.61
1083,27.61
1084,27.60
1085,27.58
1086,27.57
1087,27.56
1088,27.56
1089,27.55
1090,27.55
1091,27.56
1092,27.57
1093,27.58
1094,27.60
1095,27.61
1096,27.63
1097,27.64
1098,27.66
1099,27.68
1100,27.70
1101,27.73
1102,27.75
1103,27.78
1104,27.79
1105,27.80
1106,27.81
1107,27.82
1108,27.83
1109,27.84
1110,27.85
1111,27.87
1112,27.89
1113,27.91
1114,27.93
1115,27.95
1116,27.98
1117,28.00
1118,28.04
1119,28.07
1120,28.11
1121,28.15
1122,28.18
1123,28.22
1124,28.27
1125,28.31
1126,28.35
1127,28.40
1128,28.44
1129,28.47
1130,28.48
1131,28.47
1132,28.43
1133,28.42
1134,28.43
1135,28.45
1136,28.47
1137,28.49
1138,28.51
1139,28.54
1140,28.57
1141,28.60
1142,28.63
1143,28.65
1144,28.69
1145,28.71
1146,28.75
1147,28.78
1148,28.81
1149,28.84
1150,28.87
1151,28.90
1152,28.93
1153,28.98
1154,29.02
1155,29.06
1156,29.10
1157,29.14
1158,29.18
1159,29.21
1160,29.26
1161,29.30
1162,29.33
1163,29.37
1164,29.41
1165,29.45
1166,29.48
1167,29.52
1168,29.55
1169,29.58
1170,29.62
1171,29.64
1172,29.67
1173,29.70
1174,29.73
1175,29.75
1176,29.77
1177,29.79
1178,29.82
1179,29.85
1180,29.88
1181,29.91
1182,29.94
1183,29.97
1184,30.00
1185,30.01
1186,30.04
1187,30.07
1188,30.10
1189,30.12
1190,30.16
1191,30.19
1192,30.22
1193,30.24
1194,30.27
1195,30.30
1196,30.33
1197,30.36
1198,30.40
1199,30.43
1200,30.45
1201,30.48
1202,30.52
1203,30.55
1204,30.58
1205,30.62
1206,30.66
1207,30.69
1208,30.71
1209,30.74
1210,30.77
1211,30.79
1212,30.82
1213,30.84
1214,30.87
1215,30.91
1216,30.94
1217,30.98
1218,31.02
1219,31.06
1220,31.09
1221,31.12
1222,31.15
1223,31.18
1224,31.20
1225,31.21
1226,31.22
1227,31.22
1228,31.23
1229,31.24
1230,31.24
1231,31.24
1232,31.25
1233,31.25
1234,31.26
1235,31.26
1236,31.27
1237,31.28
1238,31.30
1239,31.31
1240,31.32
1241,31.34
1242,31.35
1243,31.37
1244,31.38
1245,31.39
1246,31.41
1247,31.43
1248,31.44
1249,31.45
1250,31.46
1251,31.48
1252,31.51
1253,31.54
1254,31.58
1255,31.62
1256,31.66
1257,31.71
1258,31.76
1259,31.82
1260,31.87
1261,31.93
1262,31.99
1263,32.04
1264,32.10
1265,32.16
1266,32.22
1267,32.28
1268,32.35
1269,32.40
1270,32.47
1271,32.54
1272,32.61
1273,32.67
1274,32.73
1275,32.81
1276,32.88
1277,32.94
1278,33.01
1279,33.09
1280,33.15
1281,33.21
1282,33.26
1283,33.32
1284,33.37
1285,33.43
1286,33.48
1287,33.52
1288,33.57
1289,33.61
1290,33.65
1291,33.68
1292,33.72
1293,33.76
1294,33.78
1295,33.82
1296,33.85
1297,33.89
1298,33.92
1299,33.95
1300,33.99
1301,34.02
1302,34.05
1303,34.08
1304,34.12
1305,34.15
1306,34.18
1307,34.21
1308,34.25
1309,34.29
1310,34.32
1311,34.35
1312,34.38
1313,34.42
1314,34.46
1315,34.50
1316,34.55
1317,34.59
1318,34.63
1319,34.67
1320,34.71
1321,34.76
1322,34.80
1323,34.84
1324,34.89
1325,34.92
1326,34.97
1327,35.00
1328,35.04
1329,35.06
1330,35.08
1331,35.08
1332,35.08
1333,35.07
1334,35.05
1335,35.02
1336,35.01
1337,35.01
1338,35.02
1339,35.03
1340,35.05
1341,35.07
1342,35.09
1343,35.12
1344,35.16
1345,35.20
1346,35.24
1347,35.30
1348,35.35
1349,35.42
1350,35.50
1351,35.56
1352,35.63
1353,35.71
1354,35.79
1355,35.86
1356,35.95
1357,36.03
1358,36.12
1359,36.21
1360,36.29
1361,36.37
1362,36.44
1363,36.49
1364,36.52
1365,36.53
1366,36.53
1367,36.51
1368,36.50
1369,36.49
1370,36.49
1371,36.48
1372,36.47
1373,36.44
1374,36.37
1375,36.27
1376,36.15
1377,36.04
1378,35.92
1379,35.81
1380,35.75
1381,35.72
1382,35.72
1383,35.74
1384,35.77
1385,35.82
1386,35.86
1387,35.90
1388,35.96
1389,36.03
1390,36.09
1391,36.17
1392,36.25
1393,36.32
1394,36.41
1395,36.47
1396,36.52
1397,36.55
1398,36.58
1399,36.62
1400,36.65
1401,36.68
1402,36.72
1403,36.76
1404,36.81
1405,36.87
1406,36.92
1407,36.97
1408,37.02
1409,37.03
1410,37.02
1411,36.98
1412,36.91
1413,36.84
1414,36.79
1415,36.75
1416,36.72
1417,36.69
1418,36.67
1419,36.67
1420,36.66
1421,36.64
1422,36.57
1423,36.51
1424,36.46
1425,36.42
1426,36.39
1427,36.35
1428,36.32
1429,36.32
1430,36.32
1431,36.33
1432,36.34
1433,36.36
1434,36.38
1435,36.39
1436,36.40
1437,36.42
1438,36.44
1439,36.46
1440,36.49
1441,36.52
1442,36.55
1443,36.58
1444,36.61
1445,36.64
1446,36.67
1447,36.70
1448,36.75
1449,36.79
1450,36.84
1451,36.88
1452,36.93
1453,36.99
1454,37.03
1455,37.10
1456,37.16
1457,37.21
1458,37.27
1459,37.32
1460,37.38
1461,37.45
1462,37.51
1463,37.59
1464,37.66
1465,37.70
1466,37.73
1467,37.74
1468,37.73
1469,37.71
1470,37.70
1471,37.68
1472,37.67
1473,37.67
1474,37.69
1475,37.72
1476,37.77
1477,37.83
1478,37.88
1479,37.94
1480,38.00
1481,38.06
1482,38.12
1483,38.18
1484,38.24
1485,38.31
1486,38.37
1487,38.43
1488,38.49
1489,38.57
1490,38.65
1491,38.73
1492,38.81
1493,38.90
1494,38.99
1495,39.06
1496,39.12
1497,39.20
1498,39.25
1499,39.29
1500,39.33
1501,39.35
1502,39.36
1503,39.35
1504,39.32
1505,39.28
1506,39.24
1507,39.21
1508,39.18
1509,39.13
1510,39.04
1511,38.86
1512,38.61
1513,38.31
1514,38.04
1515,37.82
1516,37.71
1517,37.66
1518,37.65
1519,37.65
1520,37.65
1521,37.65
1522,37.61
1523,37.57
1524,37.53
1525,37.50
1526,37.48
1527,37.48
1528,37.48
1529,37.49
1530,37.51
1531,37.52
1532,37.54
1533,37.56
1534,37.58
1535,37.60
1536,37.62
1537,37.63
1538,37.66
1539,37.68
1540,37.69
1541,37.71
1542,37.73
1543,37.75
1544,37.78
1545,37.80
1546,37.83
1547,37.85
1548,37.88
1549,37.90
1550,37.92
1551,37.95
1552,37.97
1553,37.99
1554,38.02
1555,38.04
1556,38.06
1557,38.08
1558,38.11
1559,38.13
1560,38.16
1561,38.19
1562,38.22
1563,38.24
1564,38.27
1565,38.29
1566,38.33
1567,38.36
1568,38.39
1569,38.41
1570,38.43
1571,38.44
1572,38.45
1573,38.47
1574,38.49
1575,38.50
1576,38.51
1577,38.51
1578,38.51
1579,38.50
1580,38.49
1581,38.46
1582,38.40
1583,38.32
1584,38.25
1585,38.15
1586,38.04
1587,37.93
1588,37.84
1589,37.81
1590,37.79
1591,37.78
1592,37.79
1593,37.79
1594,37.80
1595,37.81
1596,37.81
1597,37.83
1598,37.85
1599,37.87
1600,37.90
1601,37.93
1602,37.96
1603,38.00
1604,38.03
1605,38.07
1606,38.12
1607,38.16
1608,38.20
1609,38.24
1610,38.28
1611,38.32
1612,38.35
1613,38.40
1614,38.44
1615,38.47
1616,38.52
1617,38.56
1618,38.60
1619,38.64
1620,38.68
1621,38.71
1622,38.74
1623,38.79
1624,38.83
1625,38.87
1626,38.92
1627,38.98
1628,39.02
1629,39.07
1630,39.10
1631,39.14
1632,39.18
1633,39.22
1634,39.26
1635,39.31
1636,39.36
1637,39.41
1638,39.46
1639,39.53
1640,39.57
1641,39.59
1642,39.59
1643,39.61
1644,39.64
1645,39.68
1646,39.74
1647,39.79
1648,39.83
1649,39.88
1650,39.90
1651,39.92
1652,39.95
1653,39.98
1654,40.00
1655,40.03
1656,40.05
1657,40.08
1658,40.10
1659,40.13
1660,40.16
1661,40.19
1662,40.22
1663,40.24
1664,40.26
1665,40.28
1666,40.30
1667,40.32
1668,40.34
1669,40.37
1670,40.41
1671,40.44
1672,40.48
1673,40.51
1674,40.55
1675,40.58
1676,40.61
1677,40.63
1678,40.65
1679,40.68
1680,40.71
1681,40.74
1682,40.76
1683,40.79
1684,40.82
1685,40.84
1686,40.87
1687,40.90
1688,40.92
1689,40.94
1690,40.96
1691,40.98
1692,40.99
1693,41.01
1694,41.02
1695,41.04
1696,41.06
1697,41.09
1698,41.11
1699,41.13
1700,41.15
1701,41.18
1702,41.19
1703,41.21
1704,41.23
1705,41.24
1706,41.27
1707,41.28
1708,41.30
1709,41.32
1710,41.34
1711,41.36
1712,41.38
1713,41.39
1714,41.39
1715,41.39
1716,41.39
1717,41.37
1718,41.35
1719,41.32
1720,41.28
1721,41.23
1722,41.16
1723,41.08
1724,40.99
1725,40.89
1726,40.74
1727,40.60
1728,40.42
1729,40.24
1730,40.05
1731,39.87
1732,39.65
1733,39.43
1734,39.21
1735,39.03
1736,38.95
1737,38.95
1738,38.97
1739,39.01
1740,39.07
1741,39.13
1742,39.20
1743,39.29
1744,39.38
1745,39.49
1746,39.61
1747,39.74
1748,39.89
1749,40.00
1750,40.10
1751,40.19
1752,40.25
1753,40.32
1754,40.37
1755,40.42
1756,40.49
1757,40.55
1758,40.61
1759,40.68
1760,40.75
1761,40.83
1762,40.91
1763,41.00
1764,41.09
1765,41.19
1766,41.29
1767,41.38
1768,41.46
1769,41.56
1770,41.64
1771,41.74
1772,41.82
1773,41.92
1774,42.03
1775,42.15
1776,42.27
1777,42.40
1778,42.58
1779,42.72
1780,42.87
1781,43.01
1782,43.15
1783,43.26
1784,43.34
1785,43.41
1786,43.50
1787,43.58
1788,43.66
1789,43.71
1790,43.75
1791,43.79
1792,43.82
1793,43.85
1794,43.88
1795,43.90
1796,43.91
1797,43.92
1798,43.93
1799,43.93
1800,43.94
1801,43.95
1802,43.96
1803,43.97
1804,43.98
1805,43.99
1806,44.00
1807,44.02
1808,44.02
1809,44.03
1810,44.04
1811,44.03
1812,44.03
1813,44.01
1814,44.00
1815,43.98
1816,43.95
1817,43.93
1818,43.92
1819,43.90
1820,43.88
1821,43.88
1822,43.90
1823,43.95
1824,44.00
1825,44.08
1826,44.20
1827,44.29
1828,44.38
1829,44.50
1830,44.61
1831,44.70
1832,44.80
1833,44.91
1834,44.99
1835,45.07
1836,45.14
1837,45.20
1838,45.26
1839,45.32
1840,45.37
1841,45.41
1842,45.45
1843,45.49
1844,45.53
1845,45.57
1846,45.60
1847,45.64
1848,45.67
1849,45.70
1850,45.73
1851,45.76
1852,45.79
1853,45.81
1854,45.84
1855,45.86
1856,45.88
1857,45.90
1858,45.91
1859,45.91
1860,45.92
1861,45.92
1862,45.93
1863,45.94
1864,45.95
1865,45.96
1866,45.97
1867,45.97
1868,45.98
1869,45.98
1870,45.98
1871,45.98
1872,45.97
1873,45.96
1874,45.95
1875,45.94
1876,45.94
1877,45.93
1878,45.91
1879,45.88
1880,45.86
1881,45.82
1882,45.79
1883,45.76
1884,45.73
1885,45.70
1886,45.66
1887,45.62
1888,45.59
1889,45.55
1890,45.48
1891,45.40
1892,45.32
1893,45.22
1894,45.12
1895,45.04
1896,44.95
1897,44.87
1898,44.78
1899,44.69
1900,44.59
1901,44.51
1902,44.45
1903,44.42
1904,44.42
1905,44.47
1906,44.51
1907,44.51
1908,44.49
1909,44.45
1910,44.41
1911,44.34
1912,44.25
1913,44.16
1914,44.04
1915,43.91
1916,43.77
1917,43.60
1918,43.42
1919,43.24
1920,43.04
1921,42.81
1922,42.62
1923,42.38
1924,42.20
1925,41.99
1926,41.79
1927,41.65
1928,41.52
1929,41.44
1930,41.41
1931,41.43
1932,41.55
1933,41.72
1934,41.97
1935,42.31
1936,42.72
1937,43.31
1938,43.97
1939,44.46
1940,44.83
1941,45.26
1942,45.64
1943,46.00
1944,46.32
1945,46.61
1946,46.85
1947,47.09
1948,47.32
1949,47.54
1950,47.75
1951,47.88
1952,47.98
1953,48.07
1954,48.14
1955,48.20
1956,48.27
1957,48.33
1958,48.38
1959,48.45
1960,48.53
1961,48.58
1962,48.63
1963,48.68
1964,48.72
1965,48.75
1966,48.78
1967,48.81
1968,48.85
1969,48.88
1970,48.90
1971,48.92
1972,48.94
1973,48.98
1974,49.02
1975,49.05
1976,49.09
1977,49.12
1978,49.15
1979,49.19
1980,49.22
1981,49.24
1982,49.26
1983,49.28
1984,49.29
1985,49.31
1986,49.33
1987,49.35
1988,49.38
1989,49.42
1990,49.47
1991,49.53
1992,49.61
1993,49.69
1994,49.77
1995,49.84
1996,49.91
1997,49.97
1998,50.02
1999,50.07
2000,50.13
2001,50.17
2002,50.22
2003,50.27
2004,50.31
2005,50.38
2006,50.46
2007,50.58
2008,50.69
2009,50.81
2010,50.94
2011,51.06
2012,51.18
2013,51.32
2014,51.42
2015,51.52
2016,51.63
2017,51.76
2018,51.90
2019,52.00
2020,52.13
2021,52.26
2022,52.42
2023,52.61
2024,52.79
2025,52.99
2026,53.18
2027,53.36
2028,53.55
2029,53.71
2030,53.97
2031,54.20
2032,54.41
2033,54.63
2034,54.84
2035,55.06
2036,55.25
2037,55.48
2038,55.72
2039,55.99
2040,56.27
2041,56.55
2042,56.85
2043,57.17
2044,57.58
2045,57.98
2046,58.48
2047,58.95
2048,59.55
2049,60.27
2050,60.89
2051,61.62
2052,62.55
2053,63.29
2054,64.18
2055,65.17
2056,65.87
2057,66.76
2058,67.38
2059,68.03
2060,68.74
2061,69.60
2062,70.28
2063,71.13
2064,71.59
2065,71.94
2066,72.34
2067,72.61
2068,72.75
2069,72.81
2070,72.83
2071,72.86
2072,72.94
2073,73.04
2074,73.11
2075,73.18
2076,73.22
2077,73.25
2078,73.28
2079,73.30
2080,73.33
2081,73.35
2082,73.37
2083,73.39
2084,73.41
2085,73.43
2086,73.45
2087,73.46
2088,73.48
2089,73.51
2090,73.53
2091,73.56
2092,73.58
2093,73.62
2094,73.66
2095,73.71
2096,73.75
2097,73.78
2098,73.82
2099,73.84
2100,73.86
2101,73.87
2102,73.89
2103,73.91
2104,73.92
2105,73.94
2106,73.95
2107,73.97
2108,73.99
2109,74.03
2110,74.05
2111,74.08
2112,74.11
2113,74.14
2114,74.16
2115,74.18
2116,74.22
2117,74.26
2118,74.29
2119,74.32
2120,74.35
2121,74.37
2122,74.40
2123,74.42
2124,74.43
2125,74.44
2126,74.45
2127,74.45
2128,74.46
2129,74.47
2130,74.48
2131,74.48
2132,74.50
2133,74.52
2134,74.54
2135,74.56
2136,74.59
2137,74.61
2138,74.63
2139,74.64
2140,74.65
2141,74.67
2142,74.68
2143,74.69
2144,74.71
2145,74.72
2146,74.73
2147,74.74
2148,74.75
2149,74.76
2150,74.76
2151,74.77
2152,74.78
2153,74.80
2154,74.81
2155,74.82
2156,74.83
2157,74.84
2158,74.85
2159,74.87
2160,74.88
2161,74.89
2162,74.90
2163,74.91
2164,74.92
2165,74.92
2166,74.93
2167,74.95
2168,74.96
2169,74.97
2170,74.98
2171,75.00
2172,75.01
2173,75.03
2174,75.04
2175,75.05
2176,75.06
2177,75.07
2178,75.08
2179,75.10
2180,75.11
2181,75.12
2182,75.13
2183,75.14
2184,75.15
2185,75.16
2186,75.17
2187,75.18
2188,75.19
2189,75.20
2190,75.21
2191,75.23
2192,75.24
2193,75.25
2194,75.26
2195,75.27
2196,75.28
2197,75.29
2198,75.30
2199,75.31
2200,75.32
2201,75.32
2202,75.31
2203,75.32
2204,75.33
2205,75.35
2206,75.35
2207,75.37
2208,75.38
2209,75.39
2210,75.41
2211,75.42
2212,75.43
2213,75.44
2214,75.44
2215,75.45
2216,75.47
2217,75.49
2218,75.50
2219,75.52
2220,75.53
2221,75.54
2222,75.55
2223,75.56
2224,75.57
2225,75.58
2226,75.58
2227,75.59
2228,75.59
2229,75.60
2230,75.62
2231,75.63
2232,75.64
2233,75.66
2234,75.67
2235,75.68
2236,75.69
2237,75.70
2238,75.71
2239,75.70
2240,75.70
2241,75.71
2242,75.72
2243,75.73
2244,75.73
2245,75.74
2246,75.76
2247,75.77
2248,75.78
2249,75.79
2250,75.80
2251,75.80
2252,75.79
2253,75.78
2254,75.77
2255,75.77
2256,75.76
2257,75.75
2258,75.74
2259,75.74
2260,75.76
2261,75.80
2262,75.84
2263,75.87
2264,75.89
2265,75.90
2266,75.90
2267,75.91
2268,75.92
2269,75.94
2270,75.96
2271,75.98
2272,76.00
2273,76.01
2274,76.03
2275,76.04
2276,76.05
2277,76.05
2278,76.05
2279,76.06
2280,76.07
2281,76.08
2282,76.10
2283,76.10
2284,76.11
2285,76.12
2286,76.12
2287,76.13
2288,76.14
2289,76.14
2290,76.14
2291,76.15
2292,76.15
2293,76.16
2294,76.17
2295,76.17
2296,76.19
2297,76.19
2298,76.21
2299,76.21
2300,76.23
2301,76.23
2302,76.24
2303,76.24
2304,76.25
2305,76.26
2306,76.27
2307,76.28
2308,76.29
2309,76.30
2310,76.30
2311,76.31
2312,76.31
2313,76.32
2314,76.32
2315,76.32
2316,76.32
2317,76.32
2318,76.33
2319,76.34
2320,76.36
2321,76.37
2322,76.38
2323,76.38
2324,76.39
2325,76.39
2326,76.39
2327,76.39
2328,76.39
2329,76.39
2330,76.39
2331,76.39
2332,76.39
2333,76.38
2334,76.36
2335,76.36
2336,76.38
2337,76.40
2338,76.41
2339,76.42
2340,76.44
2341,76.46
2342,76.47
2343,76.48
2344,76.49
2345,76.51
2346,76.53
2347,76.54
2348,76.55
2349,76.55
2350,76.56
2351,76.56
2352,76.57
2353,76.57
2354,76.58
2355,76.59
2356,76.60
2357,76.61
2358,76.62
2359,76.62
2360,76.63
2361,76.64
2362,76.64
2363,76.65
2364,76.65
2365,76.65
2366,76.65
2367,76.65
2368,76.65
2369,76.67
2370,76.69
2371,76.71
2372,76.72
2373,76.74
2374,76.74
2375,76.75
2376,76.75
2377,76.75
2378,76.74
2379,76.74
2380,76.75
2381,76.74
2382,76.73
2383,76.72
2384,76.72
2385,76.72
2386,76.74
2387,76.77
2388,76.81
2389,76.83
2390,76.84
2391,76.84
2392,76.85
2393,76.86
2394,76.87
2395,76.88
2396,76.89
2397,76.90
2398,76.90
2399,76.91
2400,76.91
2401,76.91
2402,76.91
2403,76.91
2404,76.91
2405,76.91
2406,76.91
2407,76.91
2408,76.91
2409,76.92
2410,76.94
2411,76.98
2412,77.02
2413,77.07
2414,77.10
2415,77.13
2416,77.17
2417,77.19
2418,77.21
2419,77.23
2420,77.24
2421,77.25
2422,77.25
2423,77.26
2424,77.27
2425,77.28
2426,77.29
2427,77.30
2428,77.31
2429,77.31
2430,77.31
2431,77.32
2432,77.32
2433,77.33
2434,77.33
2435,77.34
2436,77.35
2437,77.35
2438,77.36
2439,77.37
2440,77.38
2441,77.39
2442,77.41
2443,77.42
2444,77.44
2445,77.45
2446,77.46
2447,77.47
2448,77.47
2449,77.48
2450,77.49
2451,77.49
2452,77.49
2453,77.50
2454,77.51
2455,77.51
2456,77.51
2457,77.51
2458,77.52
2459,77.52
2460,77.52
2461,77.53
2462,77.53
2463,77.53
2464,77.53
2465,77.54
2466,77.53
2467,77.54
2468,77.55
2469,77.55
2470,77.56
2471,77.56
2472,77.56
2473,77.56
2474,77.57
2475,77.57
2476,77.57
2477,77.57
2478,77.57
2479,77.57
2480,77.57
2481,77.57
2482,77.57
2483,77.57
2484,77.57
2485,77.57
2486,77.57
2487,77.58
2488,77.59
2489,77.61
2490,77.61
2491,77.61
2492,77.62
2493,77.62
2494,77.62
2495,77.62
2496,77.63
2497,77.63
2498,77.64
2499,77.64
2500,77.64
2501,77.64
2502,77.64
2503,77.64
2504,77.64
2505,77.64
2506,77.64
2507,77.65
2508,77.65
2509,77.65
2510,77.65
2511,77.65
2512,77.66
2513,77.66
2514,77.67
2515,77.67
2516,77.67
2517,77.68
2518,77.68
2519,77.68
2520,77.69
2521,77.69
2522,77.69
2523,77.69
2524,77.69
2525,77.69
2526,77.69
2527,77.70
2528,77.69
2529,77.70
2530,77.70
2531,77.70
2532,77.70
2533,77.70
2534,77.70
2535,77.70
2536,77.70
2537,77.70
2538,77.70
2539,77.70
2540,77.70
2541,77.70
2542,77.70
2543,77.71
2544,77.71
2545,77.71
2546,77.71
2547,77.71
2548,77.71
2549,77.73
2550,77.73
2551,77.73
2552,77.73
2553,77.75
2554,77.80
2555,77.81
2556,77.81
2557,77.81
2558,77.81
2559,77.84
2560,77.90
2561,77.91
2562,77.91
2563,77.92
2564,77.93
2565,77.95
2566,77.96
2567,77.97
2568,77.98
2569,77.98
2570,77.97
2571,77.96
2572,77.96
2573,77.96
2574,77.97
2575,77.98
2576,77.99
2577,78.01
2578,78.03
2579,78.06
2580,78.07
2581,78.11
2582,78.14
2583,78.15
2584,78.14
2585,78.12
2586,78.11
2587,78.10
2588,78.09
2589,78.09
2590,78.09
2591,78.08
2592,78.09
2593,78.08
2594,78.08
2595,78.07
2596,78.07
2597,78.06
2598,78.06
2599,78.05
2600,78.03
2601,78.03
2602,78.03
2603,78.02
2604,78.02
2605,78.02
2606,78.01
2607,78.00
2608,78.01
2609,77.95
2610,77.85
2611,77.84
2612,77.82
2613,77.81
2614,77.80
2615,77.80
2616,77.79
2617,77.79
2618,77.78
2619,77.78
2620,77.76
2621,77.76
2622,77.75
2623,77.75
2624,77.74
2625,77.74
2626,77.74
2627,77.73
2628,77.73
2629,77.73
2630,77.72
2631,77.72
2632,77.70
2633,77.70
2634,77.69
2635,77.68
2636,77.67
2637,77.67
2638,77.66
2639,77.65
2640,77.63
2641,77.62
2642,77.61
2643,77.61
2644,77.60
2645,77.59
2646,77.58
2647,77.57
2648,77.56
2649,77.55
2650,77.53
2651,77.51
2652,77.48
2653,77.45
2654,77.38
2655,77.29
2656,77.16
2657,77.04
2658,76.96
2659,76.85
2660,76.76
2661,76.72
2662,76.72
2663,76.73
2664,76.73
2665,76.73
2666,76.72
2667,76.72
2668,76.72
2669,76.72
2670,76.71
2671,76.70
2672,76.69
2673,76.68
2674,76.68
2675,76.68
2676,76.68
2677,76.69
2678,76.70
2679,76.70
2680,76.70
2681,76.70
2682,76.74
2683,76.79
2684,76.87
2685,76.98
2686,77.19
2687,77.50
2688,77.97
2689,78.77
2690,79.87
2691,80.78
2692,81.44
2693,81.87
2694,82.16
2695,82.34
2696,82.42
2697,82.47
2698,82.51
2699,82.53
2700,82.55
2701,82.56
2702,82.56
2703,82.56
2704,82.55
2705,82.56
2706,82.55
2707,82.54
2708,82.54
2709,82.53
2710,82.53
2711,82.52
2712,82.52
2713,82.50
2714,82.48
2715,82.45
2716,82.42
2717,82.36
2718,82.27
2719,82.09
2720,81.74
2721,81.34
2722,81.12
2723,81.08
2724,81.04
2725,81.02
2726,81.00
2727,80.98
2728,80.98
2729,80.97
2730,80.96
2731,80.95
2732,80.94
2733,80.92
2734,80.91
2735,80.90
2736,80.89
2737,80.89
2738,80.88
2739,80.87
2740,80.87
2741,80.86
2742,80.86
2743,80.86
2744,80.87
2745,80.88
2746,80.90
2747,80.93
2748,80.97
2749,81.02
2750,81.02
2751,81.08
2752,81.41
2753,82.51
2754,84.92
2755,85.03
2756,85.17
2757,85.32
2758,85.44
2759,85.52
2760,85.53
2761,85.54
2762,85.63
2763,85.85
2764,86.17
2765,86.58
2766,86.71
2767,86.93
2768,87.01
2769,87.05
2770,87.03
2771,86.99
2772,86.99
2773,86.98
2774,86.97
2775,86.97
2776,86.97
2777,86.99
2778,87.04
2779,87.09
2780,87.10
2781,87.11
2782,87.12
2783,87.13
2784,87.13
2785,87.14
2786,87.14
2787,87.14
2788,87.15
2789,87.19
